<?xml version="1.0" encoding="UTF-8"?>
<!--
 This is a WordPress eXtended RSS file generated by WordPress as an export of your site.
 It contains information about your site's posts, pages, comments, categories, and other content.
 You may use this file to transfer that content from one site to another.
 This file is not intended to serve as a complete backup of your site.

 To import this information into a WordPress site follow these steps:
 1. Log in to that site as an administrator.
 2. Go to Tools: Import in the WordPress admin panel.
 3. Install the "WordPress" importer from the list.
 4. Activate & Run Importer.
 5. Upload this file using the form provided on that page.
 6. You will first be asked to map the authors in this export file to users
    on the site. For each author, you may choose to map to an
    existing user on the site or to create a new user.
 7. WordPress will then import each of the posts, pages, comments, categories, etc.
    contained in this file into your site.
-->
<!-- generator="WordPress.com" created="2025-02-13 13:32"-->
<rss version="2.0" xmlns:excerpt="http://wordpress.org/export/1.2/excerpt/" xmlns:content="http://purl.org/rss/1.0/modules/content/" xmlns:wfw="http://wellformedweb.org/CommentAPI/" xmlns:dc="http://purl.org/dc/elements/1.1/" xmlns:wp="http://wordpress.org/export/1.2/">
  <channel>
<title>Diego Simbaña</title>
<link>https://josephmaigua.wordpress.com</link>
<description/>
<pubDate>Thu, 13 Feb 2025 13:32:52 +0000</pubDate>
<language>es</language>
<wp:wxr_version>1.2</wp:wxr_version>
<wp:base_site_url>http://wordpress.com/</wp:base_site_url>
<wp:base_blog_url>https://josephmaigua.wordpress.com</wp:base_blog_url>
<wp:author>
  <wp:author_id>261362698</wp:author_id>
  <wp:author_login>josephsimbanacs</wp:author_login>
  <wp:author_email>josephsimbana.cs@gmail.com</wp:author_email>
  <wp:author_display_name><![CDATA[Joseph]]></wp:author_display_name>
  <wp:author_first_name><![CDATA[Joseph]]></wp:author_first_name>
  <wp:author_last_name><![CDATA[]]></wp:author_last_name>
</wp:author>
<wp:category>
  <wp:term_id>1</wp:term_id>
  <wp:category_nicename>uncategorized</wp:category_nicename>
  <wp:category_parent/>
  <wp:cat_name><![CDATA[Uncategorized]]></wp:cat_name>
</wp:category>
<generator>http://wordpress.com/</generator>
<image>
		<url>http://s0.wp.com/i/buttonw-com.png</url>
		<title>Diego Simbaña</title>
		<link>https://josephmaigua.wordpress.com</link>
	</image>
	<item>
  <title><![CDATA[Sobre mi]]></title>
  <link>https://josephmaigua.wordpress.com/about/</link>
  <pubDate>Mon, 10 Feb 2025 13:53:35 +0000</pubDate>
  <dc:creator>josephsimbanacs</dc:creator>
  <guid isPermaLink="false">http://josephmaigua.wordpress.com/?page_id=1</guid>
  <description/>
  <content:encoded><![CDATA[<!-- wp:media-text {"mediaId":20,"mediaLink":"https://josephmaigua.wordpress.com/about/diego-simbana1-2/","mediaType":"image"} -->
<div class="wp-block-media-text is-stacked-on-mobile"><figure class="wp-block-media-text__media"><img src="https://josephmaigua.wordpress.com/wp-content/uploads/2025/02/diego-simbana1-1.jpg?w=330" alt="" class="wp-image-20 size-full" /></figure><div class="wp-block-media-text__content"><!-- wp:paragraph {"placeholder":"Contenido…"} -->
<p>Tengo una profunda pasión por la tecnología y los softwares nuevos e innovadores, los cuales utilizo para mejorar mi trabajo en cualquier campo que lo requiera, adaptándome a cualquier situación que se presente.</p>
<!-- /wp:paragraph --></div></div>
<!-- /wp:media-text -->

<!-- wp:columns -->
<div class="wp-block-columns"><!-- wp:column -->
<div class="wp-block-column"><!-- wp:details -->
<details class="wp-block-details"><summary>Educacion</summary><!-- wp:paragraph {"placeholder":"Teclea / para añadir un bloque oculto"} -->
<p><strong>Tecnólogo en Marketing Digital y Comercio Electrónico</strong>:</p>
<!-- /wp:paragraph -->

<!-- wp:paragraph {"placeholder":"Teclea / para añadir un bloque oculto"} -->
<p>Instituto Universitario Cordillera | Abril 2024 - en curso</p>
<!-- /wp:paragraph -->

<!-- wp:paragraph -->
<p><strong>"Bachiller Tecnico</strong>"</p>
<!-- /wp:paragraph -->

<!-- wp:paragraph -->
<p>Unidad Educativa “Academia Aeronautica Mayor Pedro Traversari” | Septiembre 2018 - Julio 2023</p>
<!-- /wp:paragraph --></details>
<!-- /wp:details --></div>
<!-- /wp:column -->

<!-- wp:column -->
<div class="wp-block-column"><!-- wp:details -->
<details class="wp-block-details"><summary>Experiancia Laboral </summary><!-- wp:paragraph {"placeholder":"Teclea / para añadir un bloque oculto"} -->
<p>Atencion telefonica con los clientes</p>
<!-- /wp:paragraph -->

<!-- wp:paragraph -->
<p>Asesoría de correos electronicos</p>
<!-- /wp:paragraph -->

<!-- wp:paragraph {"placeholder":"Teclea / para añadir un bloque oculto"} -->
<p>Soporte Tecnico en Edsyscomp | Julio 2022- Agosto 2022 (2 meses)</p>
<!-- /wp:paragraph --></details>
<!-- /wp:details --></div>
<!-- /wp:column -->

<!-- wp:column -->
<div class="wp-block-column"><!-- wp:details -->
<details class="wp-block-details"><summary>Contacto</summary><!-- wp:paragraph {"placeholder":"Teclea / para añadir un bloque oculto"} -->
<p>+593 0963884210</p>
<!-- /wp:paragraph -->

<!-- wp:paragraph -->
<p>@diegojoseph04</p>
<!-- /wp:paragraph -->

<!-- wp:paragraph -->
<p><a href="https://github.com/JosephSimbana04">https://github.com/JosephSimbana04</a></p>
<!-- /wp:paragraph --></details>
<!-- /wp:details --></div>
<!-- /wp:column --></div>
<!-- /wp:columns -->]]></content:encoded>
  <excerpt:encoded><![CDATA[]]></excerpt:encoded>
  <wp:post_id>1</wp:post_id>
  <wp:post_date>2025-02-10 13:53:35</wp:post_date>
  <wp:post_date_gmt>2025-02-10 13:53:35</wp:post_date_gmt>
  <wp:post_modified>2025-02-10 09:52:34</wp:post_modified>
  <wp:post_modified_gmt>2025-02-10 14:52:34</wp:post_modified_gmt>
  <wp:comment_status>closed</wp:comment_status>
  <wp:ping_status>open</wp:ping_status>
  <wp:post_name>about</wp:post_name>
  <wp:status>publish</wp:status>
  <wp:post_parent>0</wp:post_parent>
  <wp:menu_order>0</wp:menu_order>
  <wp:post_type>page</wp:post_type>
  <wp:post_password/>
  <wp:is_sticky>0</wp:is_sticky>
  <wp:postmeta>
    <wp:meta_key>_wp_page_template</wp:meta_key>
    <wp:meta_value><![CDATA[default]]></wp:meta_value>
  </wp:postmeta>
  <wp:postmeta>
    <wp:meta_key>_elasticsearch_data_sharing_indexed_on</wp:meta_key>
    <wp:meta_value><![CDATA[2025-02-10 13:53:43]]></wp:meta_value>
  </wp:postmeta>
  <wp:postmeta>
    <wp:meta_key>_g_feedback_shortcode_87911d1aed509877b83a48ec536f768cdcd22df1</wp:meta_key>
    <wp:meta_value><![CDATA[
				[contact-field label="Nombre" type="name"  required="true" /]
				[contact-field label="Correo electrónico" type="email" required="true" /]
				[contact-field label="Web" type="url" /]
				[contact-field label="Mensaje" type="textarea" /]]]></wp:meta_value>
  </wp:postmeta>
  <wp:postmeta>
    <wp:meta_key>_g_feedback_shortcode_atts_87911d1aed509877b83a48ec536f768cdcd22df1</wp:meta_key>
    <wp:meta_value><![CDATA[a:17:{s:2:"to";s:26:"josephsimbana.cs@gmail.com";s:7:"subject";s:25:"[Diego Simbaña] Sobre mi";s:12:"show_subject";s:2:"no";s:6:"widget";i:0;s:14:"block_template";N;s:19:"block_template_part";N;s:2:"id";i:1;s:18:"submit_button_text";s:6:"Enviar";s:14:"customThankyou";s:0:"";s:21:"customThankyouHeading";s:24:"Se ha enviado tu mensaje";s:21:"customThankyouMessage";s:24:"¡Gracias por tu envío!";s:22:"customThankyouRedirect";s:0:"";s:10:"jetpackCRM";b:1;s:9:"className";N;s:9:"postToUrl";N;s:14:"salesforceData";N;s:12:"hiddenFields";N;}]]></wp:meta_value>
  </wp:postmeta>
  <wp:postmeta>
    <wp:meta_key>_last_editor_used_jetpack</wp:meta_key>
    <wp:meta_value><![CDATA[block-editor]]></wp:meta_value>
  </wp:postmeta>
</item>
<item>
  <title><![CDATA[¡Hola mundo!]]></title>
  <link>https://josephmaigua.wordpress.com/2025/02/10/hello-world/</link>
  <pubDate>Mon, 10 Feb 2025 13:48:36 +0000</pubDate>
  <dc:creator>josephsimbanacs</dc:creator>
  <guid isPermaLink="false">https://josephmaigua.wordpress.com/2025/02/10/hello-world/</guid>
  <description/>
  <content:encoded><![CDATA[<!-- wp:paragraph -->
<p>Bienvenido a WordPress Esta es tu primera entrada. Empieza tu andadura en el mundo bloguero editándola o borrándola.</p>
<!-- /wp:paragraph -->]]></content:encoded>
  <excerpt:encoded><![CDATA[]]></excerpt:encoded>
  <wp:post_id>2</wp:post_id>
  <wp:post_date>2025-02-10 13:48:36</wp:post_date>
  <wp:post_date_gmt>2025-02-10 13:48:36</wp:post_date_gmt>
  <wp:post_modified>2025-02-10 13:48:36</wp:post_modified>
  <wp:post_modified_gmt>2025-02-10 13:48:36</wp:post_modified_gmt>
  <wp:comment_status>open</wp:comment_status>
  <wp:ping_status>open</wp:ping_status>
  <wp:post_name>hello-world</wp:post_name>
  <wp:status>publish</wp:status>
  <wp:post_parent>0</wp:post_parent>
  <wp:menu_order>0</wp:menu_order>
  <wp:post_type>post</wp:post_type>
  <wp:post_password/>
  <wp:is_sticky>0</wp:is_sticky>
  <category domain="category" nicename="uncategorized"><![CDATA[Uncategorized]]></category>
  <wp:postmeta>
    <wp:meta_key>_headstart_post</wp:meta_key>
    <wp:meta_value><![CDATA[_hs_extra]]></wp:meta_value>
  </wp:postmeta>
  <wp:postmeta>
    <wp:meta_key>sharing_disabled</wp:meta_key>
    <wp:meta_value><![CDATA[a:1:{i:0;N;}]]></wp:meta_value>
  </wp:postmeta>
  <wp:postmeta>
    <wp:meta_key>switch_like_status</wp:meta_key>
    <wp:meta_value><![CDATA[a:1:{i:0;N;}]]></wp:meta_value>
  </wp:postmeta>
  <wp:postmeta>
    <wp:meta_key>_starter_page_template</wp:meta_key>
    <wp:meta_value><![CDATA[]]></wp:meta_value>
  </wp:postmeta>
  <wp:postmeta>
    <wp:meta_key>_hs_old_id</wp:meta_key>
    <wp:meta_value><![CDATA[4]]></wp:meta_value>
  </wp:postmeta>
  <wp:postmeta>
    <wp:meta_key>_wpas_skip_all_services</wp:meta_key>
    <wp:meta_value><![CDATA[1]]></wp:meta_value>
  </wp:postmeta>
  <wp:postmeta>
    <wp:meta_key>_publicize_pending</wp:meta_key>
    <wp:meta_value><![CDATA[1]]></wp:meta_value>
  </wp:postmeta>
  <wp:postmeta>
    <wp:meta_key>_elasticsearch_data_sharing_indexed_on</wp:meta_key>
    <wp:meta_value><![CDATA[2025-02-10 13:53:37]]></wp:meta_value>
  </wp:postmeta>
</item>
<item>
  <title><![CDATA[Navegación]]></title>
  <link>https://josephmaigua.wordpress.com/2025/02/10/navigation/</link>
  <pubDate>Mon, 10 Feb 2025 13:53:51 +0000</pubDate>
  <dc:creator>josephsimbanacs</dc:creator>
  <guid isPermaLink="false">https://josephmaigua.wordpress.com/2025/02/10/navigation/</guid>
  <description/>
  <content:encoded><![CDATA[<!-- wp:navigation-link {"label":"Inicio","type":"page","id":1,"url":"https://josephmaigua.wordpress.com/about/","kind":"post-type"} /-->

<!-- wp:navigation-link {"label":"Sobre mi","type":"page","id":7,"url":"https://josephmaigua.wordpress.com/blog/","kind":"post-type"} /-->

<!-- wp:navigation-link {"label":"Linkedin","type":"page","id":5,"url":"hhttps://www.linkedin.com/in/joseph-maigua/","kind":"post-type"} /-->

<!-- wp:navigation-link {"label":"Curriculum","type":"page","url":"https://github.com/JosephSimbana04/CV/blob/main/diego-simba%C3%B1a-cv-2025.pdf","kind":"post-type"} /-->

<!-- wp:navigation-link {"label":"Blog","type":"page","url":"https://misterios-cosmicos.blogspot.com/","kind":"post-type"} /-->

<!-- wp:navigation-link {"label":"Contacto","type":"page","url":"Contacto","kind":"post-type"} /-->]]></content:encoded>
  <excerpt:encoded><![CDATA[]]></excerpt:encoded>
  <wp:post_id>3</wp:post_id>
  <wp:post_date>2025-02-10 08:53:51</wp:post_date>
  <wp:post_date_gmt>2025-02-10 13:53:51</wp:post_date_gmt>
  <wp:post_modified>2025-02-10 09:29:19</wp:post_modified>
  <wp:post_modified_gmt>2025-02-10 14:29:19</wp:post_modified_gmt>
  <wp:comment_status>closed</wp:comment_status>
  <wp:ping_status>closed</wp:ping_status>
  <wp:post_name>navigation</wp:post_name>
  <wp:status>publish</wp:status>
  <wp:post_parent>0</wp:post_parent>
  <wp:menu_order>0</wp:menu_order>
  <wp:post_type>wp_navigation</wp:post_type>
  <wp:post_password/>
  <wp:is_sticky>0</wp:is_sticky>
</item>
<item>
  <title><![CDATA[Custom Styles]]></title>
  <link>https://josephmaigua.wordpress.com/2025/02/10/wp-global-styles-pub%2ftwentytwentyfive/</link>
  <pubDate>Mon, 10 Feb 2025 13:54:03 +0000</pubDate>
  <dc:creator>josephsimbanacs</dc:creator>
  <guid isPermaLink="false">https://josephmaigua.wordpress.com/2025/02/10/wp-global-styles-pub%2ftwentytwentyfive/</guid>
  <description/>
  <content:encoded><![CDATA[{"version":3,"isGlobalStylesUserThemeJSON":true}]]></content:encoded>
  <excerpt:encoded><![CDATA[]]></excerpt:encoded>
  <wp:post_id>4</wp:post_id>
  <wp:post_date>2025-02-10 08:54:03</wp:post_date>
  <wp:post_date_gmt>2025-02-10 13:54:03</wp:post_date_gmt>
  <wp:post_modified>2025-02-10 08:54:03</wp:post_modified>
  <wp:post_modified_gmt>2025-02-10 13:54:03</wp:post_modified_gmt>
  <wp:comment_status>closed</wp:comment_status>
  <wp:ping_status>closed</wp:ping_status>
  <wp:post_name>wp-global-styles-pub%2ftwentytwentyfive</wp:post_name>
  <wp:status>publish</wp:status>
  <wp:post_parent>0</wp:post_parent>
  <wp:menu_order>0</wp:menu_order>
  <wp:post_type>wp_global_styles</wp:post_type>
  <wp:post_password/>
  <wp:is_sticky>0</wp:is_sticky>
  <category domain="wp_theme" nicename="twentytwentyfive"><![CDATA[twentytwentyfive]]></category>
  <wp:postmeta>
    <wp:meta_key>_publicize_pending</wp:meta_key>
    <wp:meta_value><![CDATA[1]]></wp:meta_value>
  </wp:postmeta>
</item>
<item>
  <title><![CDATA[]]></title>
  <link>https://josephmaigua.wordpress.com/</link>
  <pubDate>Mon, 10 Feb 2025 13:55:13 +0000</pubDate>
  <dc:creator>josephsimbanacs</dc:creator>
  <guid isPermaLink="false">https://josephmaigua.wordpress.com/?page_id=5</guid>
  <description/>
  <content:encoded><![CDATA[<!-- wp:group {"metadata":{"name":"Header","categories":["header"],"patternName":"a8c/header-logo-left-menu-centered-social-right"},"align":"full","style":{"spacing":{"padding":{"top":"var:preset|spacing|30","bottom":"var:preset|spacing|30","left":"var(\u002d\u002dwp\u002d\u002dstyle\u002d\u002droot\u002d\u002dpadding-left, var(\u002d\u002dwp\u002d\u002dcustom\u002d\u002dgap\u002d\u002dhorizontal))","right":"var(\u002d\u002dwp\u002d\u002dstyle\u002d\u002droot\u002d\u002dpadding-right, var(\u002d\u002dwp\u002d\u002dcustom\u002d\u002dgap\u002d\u002dhorizontal))"},"margin":{"top":"0","bottom":"0"}}},"layout":{"type":"constrained","justifyContent":"center"}} -->
<div class="wp-block-group alignfull" style="margin-top:0;margin-bottom:0;padding-top:var(--wp--preset--spacing--30);padding-right:var(--wp--style--root--padding-right, var(--wp--custom--gap--horizontal));padding-bottom:var(--wp--preset--spacing--30);padding-left:var(--wp--style--root--padding-left, var(--wp--custom--gap--horizontal))"><!-- wp:group {"tagName":"header","metadata":{"name":"Contents"},"align":"wide","style":{"spacing":{"margin":{"top":"0","bottom":"0"},"blockGap":"var:preset|spacing|40"}},"layout":{"type":"flex","flexWrap":"nowrap","justifyContent":"space-between"}} -->
<header class="wp-block-group alignwide" style="margin-top:0;margin-bottom:0"><!-- wp:group {"className":"grow  md:grow-0","style":{"layout":{"selfStretch":"fixed","flexSize":"25%"}},"layout":{"type":"flex","flexWrap":"nowrap","justifyContent":"left"}} -->
<div class="wp-block-group grow md:grow-0"><!-- wp:site-title /--></div>
<!-- /wp:group -->

<!-- wp:navigation {"ref":3,"className":"order-1 md:order-0","style":{"layout":{"selfStretch":"fit","flexSize":null}},"layout":{"type":"flex","justifyContent":"center"}} /-->

<!-- wp:group {"className":"grow md:grow-0","style":{"spacing":{"blockGap":"var:preset|spacing|20"},"layout":{"selfStretch":"fixed","flexSize":"25%"}},"layout":{"type":"flex","flexWrap":"nowrap","justifyContent":"right"}} -->
<div class="wp-block-group grow md:grow-0"><!-- wp:social-links {"className":"is-style-logos-only","style":{"spacing":{"blockGap":{"left":"8px"}}},"layout":{"type":"flex","flexWrap":"nowrap"}} -->
<ul class="wp-block-social-links is-style-logos-only"><!-- wp:social-link {"url":"https://github.com/JosephSimbana04","service":"github"} /-->

<!-- wp:social-link {"url":"https://www.linkedin.com/in/joseph-maigua/","service":"linkedin"} /--></ul>
<!-- /wp:social-links --></div>
<!-- /wp:group --></header>
<!-- /wp:group --></div>
<!-- /wp:group -->

<!-- wp:media-text {"align":"full","mediaId":10,"mediaLink":"https://josephmaigua.wordpress.com/beautiful-sunset-at-a-beach-resort-in-the-tropics-2/","mediaType":"image","imageFill":true} -->
<div class="wp-block-media-text alignfull is-stacked-on-mobile is-image-fill-element"><figure class="wp-block-media-text__media"><img src="https://josephmaigua.wordpress.com/wp-content/uploads/2025/02/diego-simbana.jpg?w=683" alt="" class="wp-image-10 size-full" style="object-position:50% 50%" /></figure><div class="wp-block-media-text__content"><!-- wp:cover {"overlayColor":"background","minHeight":95,"minHeightUnit":"vh"} -->
<div class="wp-block-cover is-light" style="min-height:95vh"><span aria-hidden="true" class="wp-block-cover__background has-background-background-color has-background-dim-100 has-background-dim"></span><div class="wp-block-cover__inner-container"><!-- wp:image {"id":11,"width":200,"height":200,"sizeSlug":"large","linkDestination":"none","align":"center","className":"is-style-rounded"} -->
<figure class="wp-block-image aligncenter size-large is-resized is-style-rounded"><img src="https://josephmaigua.wordpress.com/wp-content/uploads/2025/02/diego-simbana1.jpg?w=330" alt="" class="wp-image-11" style="width:200px;height:200px" /></figure>
<!-- /wp:image -->

<!-- wp:heading {"textAlign":"center","level":1,"style":{"elements":{"link":{"color":{"text":"var:preset|color|foreground"}}}},"textColor":"foreground"} -->
<h1 class="wp-block-heading has-text-align-center has-foreground-color has-text-color has-link-color"><strong>Diego Simbaña</strong></h1>
<!-- /wp:heading -->

<!-- wp:paragraph {"align":"center","style":{"elements":{"link":{"color":{"text":"var:preset|color|foreground"}}}},"backgroundColor":"background","textColor":"foreground"} -->
<p class="has-text-align-center has-foreground-color has-background-background-color has-text-color has-background has-link-color">Tengo una profunda pasión por la tecnología y los softwares nuevos e innovadores, los cuales utilizo para mejorar mi trabajo en cualquier campo que lo requiera, adaptándome a cualquier situación que se presente.</p>
<!-- /wp:paragraph -->

<!-- wp:social-links {"align":"center","className":"is-style-default"} -->
<ul class="wp-block-social-links aligncenter is-style-default"><!-- wp:social-link {"url":"https://www.linkedin.com/in/joseph-maigua/","service":"linkedin"} /-->

<!-- wp:social-link {"url":"https://github.com/JosephSimbana04","service":"chain"} /--></ul>
<!-- /wp:social-links --></div></div>
<!-- /wp:cover --></div></div>
<!-- /wp:media-text -->]]></content:encoded>
  <excerpt:encoded><![CDATA[]]></excerpt:encoded>
  <wp:post_id>5</wp:post_id>
  <wp:post_date>2025-02-10 08:55:13</wp:post_date>
  <wp:post_date_gmt>2025-02-10 13:55:13</wp:post_date_gmt>
  <wp:post_modified>2025-02-10 09:36:02</wp:post_modified>
  <wp:post_modified_gmt>2025-02-10 14:36:02</wp:post_modified_gmt>
  <wp:comment_status>closed</wp:comment_status>
  <wp:ping_status>closed</wp:ping_status>
  <wp:post_name>sobre-mi</wp:post_name>
  <wp:status>publish</wp:status>
  <wp:post_parent>0</wp:post_parent>
  <wp:menu_order>0</wp:menu_order>
  <wp:post_type>page</wp:post_type>
  <wp:post_password/>
  <wp:is_sticky>0</wp:is_sticky>
  <wp:postmeta>
    <wp:meta_key>_tft_homepage_template</wp:meta_key>
    <wp:meta_value><![CDATA[pub/baker]]></wp:meta_value>
  </wp:postmeta>
  <wp:postmeta>
    <wp:meta_key>_publicize_pending</wp:meta_key>
    <wp:meta_value><![CDATA[1]]></wp:meta_value>
  </wp:postmeta>
  <wp:postmeta>
    <wp:meta_key>_elasticsearch_data_sharing_indexed_on</wp:meta_key>
    <wp:meta_value><![CDATA[2025-02-10 13:55:18]]></wp:meta_value>
  </wp:postmeta>
  <wp:postmeta>
    <wp:meta_key>_g_feedback_shortcode_e14ef65eafbfb7f3fa5ec723ee841b952a4611ba</wp:meta_key>
    <wp:meta_value><![CDATA[
				[contact-field label="Nombre" type="name"  required="true" /]
				[contact-field label="Correo electrónico" type="email" required="true" /]
				[contact-field label="Web" type="url" /]
				[contact-field label="Mensaje" type="textarea" /]]]></wp:meta_value>
  </wp:postmeta>
  <wp:postmeta>
    <wp:meta_key>_g_feedback_shortcode_atts_e14ef65eafbfb7f3fa5ec723ee841b952a4611ba</wp:meta_key>
    <wp:meta_value><![CDATA[a:17:{s:2:"to";s:26:"josephsimbana.cs@gmail.com";s:7:"subject";s:17:"[Diego Simbaña] ";s:12:"show_subject";s:2:"no";s:6:"widget";i:0;s:14:"block_template";N;s:19:"block_template_part";N;s:2:"id";i:5;s:18:"submit_button_text";s:6:"Enviar";s:14:"customThankyou";s:0:"";s:21:"customThankyouHeading";s:24:"Se ha enviado tu mensaje";s:21:"customThankyouMessage";s:24:"¡Gracias por tu envío!";s:22:"customThankyouRedirect";s:0:"";s:10:"jetpackCRM";b:1;s:9:"className";N;s:9:"postToUrl";N;s:14:"salesforceData";N;s:12:"hiddenFields";N;}]]></wp:meta_value>
  </wp:postmeta>
  <wp:postmeta>
    <wp:meta_key>_last_editor_used_jetpack</wp:meta_key>
    <wp:meta_value><![CDATA[block-editor]]></wp:meta_value>
  </wp:postmeta>
</item>
<item>
  <title><![CDATA[Blog]]></title>
  <link>https://josephmaigua.wordpress.com/blog/</link>
  <pubDate>Mon, 10 Feb 2025 13:55:15 +0000</pubDate>
  <dc:creator>josephsimbanacs</dc:creator>
  <guid isPermaLink="false">https://josephmaigua.wordpress.com/blog/</guid>
  <description/>
  <content:encoded><![CDATA[]]></content:encoded>
  <excerpt:encoded><![CDATA[]]></excerpt:encoded>
  <wp:post_id>7</wp:post_id>
  <wp:post_date>2025-02-10 08:55:15</wp:post_date>
  <wp:post_date_gmt>2025-02-10 13:55:15</wp:post_date_gmt>
  <wp:post_modified>2025-02-10 08:55:15</wp:post_modified>
  <wp:post_modified_gmt>2025-02-10 13:55:15</wp:post_modified_gmt>
  <wp:comment_status>closed</wp:comment_status>
  <wp:ping_status>closed</wp:ping_status>
  <wp:post_name>blog</wp:post_name>
  <wp:status>publish</wp:status>
  <wp:post_parent>0</wp:post_parent>
  <wp:menu_order>0</wp:menu_order>
  <wp:post_type>page</wp:post_type>
  <wp:post_password/>
  <wp:is_sticky>0</wp:is_sticky>
  <wp:postmeta>
    <wp:meta_key>_tft_posts_page</wp:meta_key>
    <wp:meta_value><![CDATA[1]]></wp:meta_value>
  </wp:postmeta>
  <wp:postmeta>
    <wp:meta_key>_publicize_pending</wp:meta_key>
    <wp:meta_value><![CDATA[1]]></wp:meta_value>
  </wp:postmeta>
  <wp:postmeta>
    <wp:meta_key>_elasticsearch_data_sharing_indexed_on</wp:meta_key>
    <wp:meta_value><![CDATA[2025-02-10 13:55:18]]></wp:meta_value>
  </wp:postmeta>
</item>
<item>
  <title><![CDATA[soporte-tecnico]]></title>
  <link>https://josephmaigua.wordpress.com/about/soporte-tecnico/</link>
  <pubDate>Mon, 10 Feb 2025 21:50:04 +0000</pubDate>
  <dc:creator>josephsimbanacs</dc:creator>
  <guid isPermaLink="false">http://josephmaigua.files.wordpress.com/2025/02/soporte-tecnico.webp</guid>
  <description/>
  <content:encoded><![CDATA[]]></content:encoded>
  <excerpt:encoded><![CDATA[]]></excerpt:encoded>
  <wp:post_id>24</wp:post_id>
  <wp:post_date>2025-02-10 16:50:04</wp:post_date>
  <wp:post_date_gmt>2025-02-10 21:50:04</wp:post_date_gmt>
  <wp:post_modified>2025-02-10 16:50:04</wp:post_modified>
  <wp:post_modified_gmt>2025-02-10 21:50:04</wp:post_modified_gmt>
  <wp:comment_status>open</wp:comment_status>
  <wp:ping_status>closed</wp:ping_status>
  <wp:post_name>soporte-tecnico</wp:post_name>
  <wp:status>inherit</wp:status>
  <wp:post_parent>1</wp:post_parent>
  <wp:menu_order>0</wp:menu_order>
  <wp:post_type>attachment</wp:post_type>
  <wp:post_password/>
  <wp:is_sticky>0</wp:is_sticky>
  <wp:attachment_url>https://josephmaigua.wordpress.com/wp-content/uploads/2025/02/soporte-tecnico.webp</wp:attachment_url>
  <wp:postmeta>
    <wp:meta_key>_wp_attached_file</wp:meta_key>
    <wp:meta_value><![CDATA[/home/wpcom/public_html/wp-content/blogs.dir/ae1/241562811/files/2025/02/soporte-tecnico.webp]]></wp:meta_value>
  </wp:postmeta>
  <wp:postmeta>
    <wp:meta_key>_wp_attachment_metadata</wp:meta_key>
    <wp:meta_value><![CDATA[a:6:{s:5:"width";i:1200;s:6:"height";i:800;s:4:"file";s:93:"/home/wpcom/public_html/wp-content/blogs.dir/ae1/241562811/files/2025/02/soporte-tecnico.webp";s:8:"filesize";i:87340;s:5:"sizes";a:0:{}s:10:"image_meta";a:12:{s:8:"aperture";s:1:"0";s:6:"credit";s:0:"";s:6:"camera";s:0:"";s:7:"caption";s:0:"";s:17:"created_timestamp";s:1:"0";s:9:"copyright";s:0:"";s:12:"focal_length";s:1:"0";s:3:"iso";s:1:"0";s:13:"shutter_speed";s:1:"0";s:5:"title";s:0:"";s:11:"orientation";s:1:"0";s:8:"keywords";a:0:{}}}]]></wp:meta_value>
  </wp:postmeta>
</item>
<item>
  <title><![CDATA[cordillera-mapa]]></title>
  <link>https://josephmaigua.wordpress.com/about/cordillera-mapa/</link>
  <pubDate>Mon, 10 Feb 2025 21:50:53 +0000</pubDate>
  <dc:creator>josephsimbanacs</dc:creator>
  <guid isPermaLink="false">http://josephmaigua.files.wordpress.com/2025/02/cordillera-mapa.png</guid>
  <description/>
  <content:encoded><![CDATA[]]></content:encoded>
  <excerpt:encoded><![CDATA[]]></excerpt:encoded>
  <wp:post_id>25</wp:post_id>
  <wp:post_date>2025-02-10 16:50:53</wp:post_date>
  <wp:post_date_gmt>2025-02-10 21:50:53</wp:post_date_gmt>
  <wp:post_modified>2025-02-10 16:50:53</wp:post_modified>
  <wp:post_modified_gmt>2025-02-10 21:50:53</wp:post_modified_gmt>
  <wp:comment_status>open</wp:comment_status>
  <wp:ping_status>closed</wp:ping_status>
  <wp:post_name>cordillera-mapa</wp:post_name>
  <wp:status>inherit</wp:status>
  <wp:post_parent>1</wp:post_parent>
  <wp:menu_order>0</wp:menu_order>
  <wp:post_type>attachment</wp:post_type>
  <wp:post_password/>
  <wp:is_sticky>0</wp:is_sticky>
  <wp:attachment_url>https://josephmaigua.wordpress.com/wp-content/uploads/2025/02/cordillera-mapa.png</wp:attachment_url>
  <wp:postmeta>
    <wp:meta_key>_wp_attached_file</wp:meta_key>
    <wp:meta_value><![CDATA[/home/wpcom/public_html/wp-content/blogs.dir/ae1/241562811/files/2025/02/cordillera-mapa.png]]></wp:meta_value>
  </wp:postmeta>
  <wp:postmeta>
    <wp:meta_key>_wp_attachment_metadata</wp:meta_key>
    <wp:meta_value><![CDATA[a:6:{s:5:"width";i:1043;s:6:"height";i:726;s:4:"file";s:92:"/home/wpcom/public_html/wp-content/blogs.dir/ae1/241562811/files/2025/02/cordillera-mapa.png";s:8:"filesize";i:397790;s:5:"sizes";a:0:{}s:10:"image_meta";a:12:{s:8:"aperture";s:1:"0";s:6:"credit";s:0:"";s:6:"camera";s:0:"";s:7:"caption";s:0:"";s:17:"created_timestamp";s:1:"0";s:9:"copyright";s:0:"";s:12:"focal_length";s:1:"0";s:3:"iso";s:1:"0";s:13:"shutter_speed";s:1:"0";s:5:"title";s:0:"";s:11:"orientation";s:1:"0";s:8:"keywords";a:0:{}}}]]></wp:meta_value>
  </wp:postmeta>
</item>
<item>
  <title><![CDATA[Beautiful sunset at a beach resort in the tropics]]></title>
  <link>https://josephmaigua.wordpress.com/sobre-mi/beautiful-sunset-at-a-beach-resort-in-the-tropics/</link>
  <pubDate>Mon, 10 Feb 2025 14:07:31 +0000</pubDate>
  <dc:creator>josephsimbanacs</dc:creator>
  <guid isPermaLink="false">http://josephmaigua.files.wordpress.com/2025/02/beautiful-sunset-beach-resort-tropics.jpg</guid>
  <description/>
  <content:encoded><![CDATA[]]></content:encoded>
  <excerpt:encoded><![CDATA[Beautiful sunset at a beach resort in the tropics]]></excerpt:encoded>
  <wp:post_id>9</wp:post_id>
  <wp:post_date>2025-02-10 09:07:31</wp:post_date>
  <wp:post_date_gmt>2025-02-10 14:07:31</wp:post_date_gmt>
  <wp:post_modified>2025-02-10 09:07:31</wp:post_modified>
  <wp:post_modified_gmt>2025-02-10 14:07:31</wp:post_modified_gmt>
  <wp:comment_status>open</wp:comment_status>
  <wp:ping_status>closed</wp:ping_status>
  <wp:post_name>beautiful-sunset-at-a-beach-resort-in-the-tropics</wp:post_name>
  <wp:status>inherit</wp:status>
  <wp:post_parent>5</wp:post_parent>
  <wp:menu_order>0</wp:menu_order>
  <wp:post_type>attachment</wp:post_type>
  <wp:post_password/>
  <wp:is_sticky>0</wp:is_sticky>
  <wp:attachment_url>https://josephmaigua.wordpress.com/wp-content/uploads/2025/02/beautiful-sunset-beach-resort-tropics.jpg</wp:attachment_url>
  <wp:postmeta>
    <wp:meta_key>_wp_attached_file</wp:meta_key>
    <wp:meta_value><![CDATA[/home/wpcom/public_html/wp-content/blogs.dir/ae1/241562811/files/2025/02/beautiful-sunset-beach-resort-tropics.jpg]]></wp:meta_value>
  </wp:postmeta>
  <wp:postmeta>
    <wp:meta_key>_wp_attachment_metadata</wp:meta_key>
    <wp:meta_value><![CDATA[a:6:{s:5:"width";i:2000;s:6:"height";i:3000;s:4:"file";s:114:"/home/wpcom/public_html/wp-content/blogs.dir/ae1/241562811/files/2025/02/beautiful-sunset-beach-resort-tropics.jpg";s:8:"filesize";i:1683061;s:5:"sizes";a:0:{}s:10:"image_meta";a:12:{s:8:"aperture";s:3:"2.5";s:6:"credit";s:0:"";s:6:"camera";s:20:"Canon EOS 5D Mark II";s:7:"caption";s:49:"Beautiful sunset at a beach resort in the tropics";s:17:"created_timestamp";s:10:"1419540130";s:9:"copyright";s:0:"";s:12:"focal_length";s:2:"50";s:3:"iso";s:3:"100";s:13:"shutter_speed";s:6:"0.0008";s:5:"title";s:49:"Beautiful sunset at a beach resort in the tropics";s:11:"orientation";s:1:"1";s:8:"keywords";a:48:{i:0;s:5:"beach";i:1;s:4:"palm";i:2;s:4:"tree";i:3;s:8:"tropical";i:4;s:6:"tropic";i:5;s:6:"sunset";i:6;s:4:"pool";i:7;s:5:"hotel";i:8;s:6:"summer";i:9;s:6:"resort";i:10;s:4:"view";i:11;s:5:"relax";i:12;s:10:"relaxation";i:13;s:7:"holiday";i:14;s:5:"clear";i:15;s:3:"fun";i:16;s:10:"background";i:17;s:3:"sky";i:18;s:6:"island";i:19;s:6:"travel";i:20;s:5:"green";i:21;s:4:"blue";i:22;s:3:"spa";i:23;s:5:"white";i:24;s:3:"sun";i:25;s:3:"sea";i:26;s:5:"ocean";i:27;s:7:"outdoor";i:28;s:7:"leisure";i:29;s:6:"bright";i:30;s:5:"sunny";i:31;s:4:"swim";i:32;s:6:"luxury";i:33;s:5:"light";i:34;s:4:"wave";i:35;s:7:"tourist";i:36;s:6:"season";i:37;s:10:"reflection";i:38;s:5:"color";i:39;s:8:"colorful";i:40;s:6:"beauty";i:41;s:5:"house";i:42;s:7:"tourism";i:43;s:5:"water";i:44;s:6:"nature";i:45;s:5:"image";i:46;s:8:"vacation";i:47;s:9:"landscape";}}}]]></wp:meta_value>
  </wp:postmeta>
</item>
<item>
  <title><![CDATA[Beautiful sunset at a beach resort in the tropics]]></title>
  <link>https://josephmaigua.wordpress.com/sobre-mi/beautiful-sunset-at-a-beach-resort-in-the-tropics-2/</link>
  <pubDate>Mon, 10 Feb 2025 14:07:55 +0000</pubDate>
  <dc:creator>josephsimbanacs</dc:creator>
  <guid isPermaLink="false">http://josephmaigua.files.wordpress.com/2025/02/diego-simbana.jpg</guid>
  <description/>
  <content:encoded><![CDATA[]]></content:encoded>
  <excerpt:encoded><![CDATA[Beautiful sunset at a beach resort in the tropics]]></excerpt:encoded>
  <wp:post_id>10</wp:post_id>
  <wp:post_date>2025-02-10 09:07:55</wp:post_date>
  <wp:post_date_gmt>2025-02-10 14:07:55</wp:post_date_gmt>
  <wp:post_modified>2025-02-10 09:07:55</wp:post_modified>
  <wp:post_modified_gmt>2025-02-10 14:07:55</wp:post_modified_gmt>
  <wp:comment_status>open</wp:comment_status>
  <wp:ping_status>closed</wp:ping_status>
  <wp:post_name>beautiful-sunset-at-a-beach-resort-in-the-tropics-2</wp:post_name>
  <wp:status>inherit</wp:status>
  <wp:post_parent>5</wp:post_parent>
  <wp:menu_order>0</wp:menu_order>
  <wp:post_type>attachment</wp:post_type>
  <wp:post_password/>
  <wp:is_sticky>0</wp:is_sticky>
  <wp:attachment_url>https://josephmaigua.wordpress.com/wp-content/uploads/2025/02/diego-simbana.jpg</wp:attachment_url>
  <wp:postmeta>
    <wp:meta_key>_wp_attached_file</wp:meta_key>
    <wp:meta_value><![CDATA[/home/wpcom/public_html/wp-content/blogs.dir/ae1/241562811/files/2025/02/diego-simbana.jpg]]></wp:meta_value>
  </wp:postmeta>
  <wp:postmeta>
    <wp:meta_key>_wp_attachment_metadata</wp:meta_key>
    <wp:meta_value><![CDATA[a:6:{s:5:"width";i:2000;s:6:"height";i:3000;s:4:"file";s:90:"/home/wpcom/public_html/wp-content/blogs.dir/ae1/241562811/files/2025/02/diego-simbana.jpg";s:8:"filesize";i:1683061;s:5:"sizes";a:0:{}s:10:"image_meta";a:12:{s:8:"aperture";s:3:"2.5";s:6:"credit";s:0:"";s:6:"camera";s:20:"Canon EOS 5D Mark II";s:7:"caption";s:49:"Beautiful sunset at a beach resort in the tropics";s:17:"created_timestamp";s:10:"1419540130";s:9:"copyright";s:0:"";s:12:"focal_length";s:2:"50";s:3:"iso";s:3:"100";s:13:"shutter_speed";s:6:"0.0008";s:5:"title";s:49:"Beautiful sunset at a beach resort in the tropics";s:11:"orientation";s:1:"1";s:8:"keywords";a:48:{i:0;s:5:"beach";i:1;s:4:"palm";i:2;s:4:"tree";i:3;s:8:"tropical";i:4;s:6:"tropic";i:5;s:6:"sunset";i:6;s:4:"pool";i:7;s:5:"hotel";i:8;s:6:"summer";i:9;s:6:"resort";i:10;s:4:"view";i:11;s:5:"relax";i:12;s:10:"relaxation";i:13;s:7:"holiday";i:14;s:5:"clear";i:15;s:3:"fun";i:16;s:10:"background";i:17;s:3:"sky";i:18;s:6:"island";i:19;s:6:"travel";i:20;s:5:"green";i:21;s:4:"blue";i:22;s:3:"spa";i:23;s:5:"white";i:24;s:3:"sun";i:25;s:3:"sea";i:26;s:5:"ocean";i:27;s:7:"outdoor";i:28;s:7:"leisure";i:29;s:6:"bright";i:30;s:5:"sunny";i:31;s:4:"swim";i:32;s:6:"luxury";i:33;s:5:"light";i:34;s:4:"wave";i:35;s:7:"tourist";i:36;s:6:"season";i:37;s:10:"reflection";i:38;s:5:"color";i:39;s:8:"colorful";i:40;s:6:"beauty";i:41;s:5:"house";i:42;s:7:"tourism";i:43;s:5:"water";i:44;s:6:"nature";i:45;s:5:"image";i:46;s:8:"vacation";i:47;s:9:"landscape";}}}]]></wp:meta_value>
  </wp:postmeta>
</item>
<item>
  <title><![CDATA[diego-simbana1]]></title>
  <link>https://josephmaigua.wordpress.com/sobre-mi/diego-simbana1/</link>
  <pubDate>Mon, 10 Feb 2025 14:09:17 +0000</pubDate>
  <dc:creator>josephsimbanacs</dc:creator>
  <guid isPermaLink="false">http://josephmaigua.files.wordpress.com/2025/02/diego-simbana1.jpg</guid>
  <description/>
  <content:encoded><![CDATA[]]></content:encoded>
  <excerpt:encoded><![CDATA[]]></excerpt:encoded>
  <wp:post_id>11</wp:post_id>
  <wp:post_date>2025-02-10 09:09:17</wp:post_date>
  <wp:post_date_gmt>2025-02-10 14:09:17</wp:post_date_gmt>
  <wp:post_modified>2025-02-10 09:09:17</wp:post_modified>
  <wp:post_modified_gmt>2025-02-10 14:09:17</wp:post_modified_gmt>
  <wp:comment_status>open</wp:comment_status>
  <wp:ping_status>closed</wp:ping_status>
  <wp:post_name>diego-simbana1</wp:post_name>
  <wp:status>inherit</wp:status>
  <wp:post_parent>5</wp:post_parent>
  <wp:menu_order>0</wp:menu_order>
  <wp:post_type>attachment</wp:post_type>
  <wp:post_password/>
  <wp:is_sticky>0</wp:is_sticky>
  <wp:attachment_url>https://josephmaigua.wordpress.com/wp-content/uploads/2025/02/diego-simbana1.jpg</wp:attachment_url>
  <wp:postmeta>
    <wp:meta_key>_wp_attached_file</wp:meta_key>
    <wp:meta_value><![CDATA[/home/wpcom/public_html/wp-content/blogs.dir/ae1/241562811/files/2025/02/diego-simbana1.jpg]]></wp:meta_value>
  </wp:postmeta>
  <wp:postmeta>
    <wp:meta_key>_wp_attachment_metadata</wp:meta_key>
    <wp:meta_value><![CDATA[a:6:{s:5:"width";i:330;s:6:"height";i:300;s:4:"file";s:91:"/home/wpcom/public_html/wp-content/blogs.dir/ae1/241562811/files/2025/02/diego-simbana1.jpg";s:8:"filesize";i:11422;s:5:"sizes";a:0:{}s:10:"image_meta";a:12:{s:8:"aperture";s:1:"0";s:6:"credit";s:11:"Invitado 01";s:6:"camera";s:0:"";s:7:"caption";s:0:"";s:17:"created_timestamp";s:10:"1739178539";s:9:"copyright";s:0:"";s:12:"focal_length";s:1:"0";s:3:"iso";s:1:"0";s:13:"shutter_speed";s:1:"0";s:5:"title";s:0:"";s:11:"orientation";s:1:"0";s:8:"keywords";a:0:{}}}]]></wp:meta_value>
  </wp:postmeta>
</item>
<item>
  <title><![CDATA[Beautiful sunset at a beach resort in the tropics]]></title>
  <link>https://josephmaigua.wordpress.com/about/beautiful-sunset-at-a-beach-resort-in-the-tropics-3/</link>
  <pubDate>Mon, 10 Feb 2025 14:49:39 +0000</pubDate>
  <dc:creator>josephsimbanacs</dc:creator>
  <guid isPermaLink="false">http://josephmaigua.files.wordpress.com/2025/02/diego-simbana-1.jpg</guid>
  <description/>
  <content:encoded><![CDATA[]]></content:encoded>
  <excerpt:encoded><![CDATA[Beautiful sunset at a beach resort in the tropics]]></excerpt:encoded>
  <wp:post_id>18</wp:post_id>
  <wp:post_date>2025-02-10 09:49:39</wp:post_date>
  <wp:post_date_gmt>2025-02-10 14:49:39</wp:post_date_gmt>
  <wp:post_modified>2025-02-10 09:49:39</wp:post_modified>
  <wp:post_modified_gmt>2025-02-10 14:49:39</wp:post_modified_gmt>
  <wp:comment_status>open</wp:comment_status>
  <wp:ping_status>closed</wp:ping_status>
  <wp:post_name>beautiful-sunset-at-a-beach-resort-in-the-tropics-3</wp:post_name>
  <wp:status>inherit</wp:status>
  <wp:post_parent>1</wp:post_parent>
  <wp:menu_order>0</wp:menu_order>
  <wp:post_type>attachment</wp:post_type>
  <wp:post_password/>
  <wp:is_sticky>0</wp:is_sticky>
  <wp:attachment_url>https://josephmaigua.wordpress.com/wp-content/uploads/2025/02/diego-simbana-1.jpg</wp:attachment_url>
  <wp:postmeta>
    <wp:meta_key>_wp_attached_file</wp:meta_key>
    <wp:meta_value><![CDATA[/home/wpcom/public_html/wp-content/blogs.dir/ae1/241562811/files/2025/02/diego-simbana-1.jpg]]></wp:meta_value>
  </wp:postmeta>
  <wp:postmeta>
    <wp:meta_key>_wp_attachment_metadata</wp:meta_key>
    <wp:meta_value><![CDATA[a:6:{s:5:"width";i:2000;s:6:"height";i:3000;s:4:"file";s:92:"/home/wpcom/public_html/wp-content/blogs.dir/ae1/241562811/files/2025/02/diego-simbana-1.jpg";s:8:"filesize";i:1683061;s:5:"sizes";a:0:{}s:10:"image_meta";a:12:{s:8:"aperture";s:3:"2.5";s:6:"credit";s:0:"";s:6:"camera";s:20:"Canon EOS 5D Mark II";s:7:"caption";s:49:"Beautiful sunset at a beach resort in the tropics";s:17:"created_timestamp";s:10:"1419540130";s:9:"copyright";s:0:"";s:12:"focal_length";s:2:"50";s:3:"iso";s:3:"100";s:13:"shutter_speed";s:6:"0.0008";s:5:"title";s:49:"Beautiful sunset at a beach resort in the tropics";s:11:"orientation";s:1:"1";s:8:"keywords";a:48:{i:0;s:5:"beach";i:1;s:4:"palm";i:2;s:4:"tree";i:3;s:8:"tropical";i:4;s:6:"tropic";i:5;s:6:"sunset";i:6;s:4:"pool";i:7;s:5:"hotel";i:8;s:6:"summer";i:9;s:6:"resort";i:10;s:4:"view";i:11;s:5:"relax";i:12;s:10:"relaxation";i:13;s:7:"holiday";i:14;s:5:"clear";i:15;s:3:"fun";i:16;s:10:"background";i:17;s:3:"sky";i:18;s:6:"island";i:19;s:6:"travel";i:20;s:5:"green";i:21;s:4:"blue";i:22;s:3:"spa";i:23;s:5:"white";i:24;s:3:"sun";i:25;s:3:"sea";i:26;s:5:"ocean";i:27;s:7:"outdoor";i:28;s:7:"leisure";i:29;s:6:"bright";i:30;s:5:"sunny";i:31;s:4:"swim";i:32;s:6:"luxury";i:33;s:5:"light";i:34;s:4:"wave";i:35;s:7:"tourist";i:36;s:6:"season";i:37;s:10:"reflection";i:38;s:5:"color";i:39;s:8:"colorful";i:40;s:6:"beauty";i:41;s:5:"house";i:42;s:7:"tourism";i:43;s:5:"water";i:44;s:6:"nature";i:45;s:5:"image";i:46;s:8:"vacation";i:47;s:9:"landscape";}}}]]></wp:meta_value>
  </wp:postmeta>
</item>
<item>
  <title><![CDATA[diego-simbana1]]></title>
  <link>https://josephmaigua.wordpress.com/about/diego-simbana1-2/</link>
  <pubDate>Mon, 10 Feb 2025 14:49:44 +0000</pubDate>
  <dc:creator>josephsimbanacs</dc:creator>
  <guid isPermaLink="false">http://josephmaigua.files.wordpress.com/2025/02/diego-simbana1-1.jpg</guid>
  <description/>
  <content:encoded><![CDATA[]]></content:encoded>
  <excerpt:encoded><![CDATA[]]></excerpt:encoded>
  <wp:post_id>20</wp:post_id>
  <wp:post_date>2025-02-10 09:49:44</wp:post_date>
  <wp:post_date_gmt>2025-02-10 14:49:44</wp:post_date_gmt>
  <wp:post_modified>2025-02-10 09:49:44</wp:post_modified>
  <wp:post_modified_gmt>2025-02-10 14:49:44</wp:post_modified_gmt>
  <wp:comment_status>open</wp:comment_status>
  <wp:ping_status>closed</wp:ping_status>
  <wp:post_name>diego-simbana1-2</wp:post_name>
  <wp:status>inherit</wp:status>
  <wp:post_parent>1</wp:post_parent>
  <wp:menu_order>0</wp:menu_order>
  <wp:post_type>attachment</wp:post_type>
  <wp:post_password/>
  <wp:is_sticky>0</wp:is_sticky>
  <wp:attachment_url>https://josephmaigua.wordpress.com/wp-content/uploads/2025/02/diego-simbana1-1.jpg</wp:attachment_url>
  <wp:postmeta>
    <wp:meta_key>_wp_attached_file</wp:meta_key>
    <wp:meta_value><![CDATA[/home/wpcom/public_html/wp-content/blogs.dir/ae1/241562811/files/2025/02/diego-simbana1-1.jpg]]></wp:meta_value>
  </wp:postmeta>
  <wp:postmeta>
    <wp:meta_key>_wp_attachment_metadata</wp:meta_key>
    <wp:meta_value><![CDATA[a:6:{s:5:"width";i:330;s:6:"height";i:300;s:4:"file";s:93:"/home/wpcom/public_html/wp-content/blogs.dir/ae1/241562811/files/2025/02/diego-simbana1-1.jpg";s:8:"filesize";i:11422;s:5:"sizes";a:0:{}s:10:"image_meta";a:12:{s:8:"aperture";s:1:"0";s:6:"credit";s:11:"Invitado 01";s:6:"camera";s:0:"";s:7:"caption";s:0:"";s:17:"created_timestamp";s:10:"1739178539";s:9:"copyright";s:0:"";s:12:"focal_length";s:1:"0";s:3:"iso";s:1:"0";s:13:"shutter_speed";s:1:"0";s:5:"title";s:0:"";s:11:"orientation";s:1:"0";s:8:"keywords";a:0:{}}}]]></wp:meta_value>
  </wp:postmeta>
</item>
  </channel>
</rss>
